City_ID,City,Country,Lat,Lng,Max Temp,Humidity,Cloudiness,Wind Speed
0,khatanga,RU,71.9667,102.5,-1.71,97,99,6.78
1,mahibadhoo,MV,3.7833,72.9667,82.08,72,97,10.11
2,lekoni,GA,-1.5843,14.2591,83.55,56,43,0.96
3,antofagasta,CL,-23.65,-70.4,71.01,60,0,11.5
4,upernavik,GL,72.7868,-56.1549,-15.54,74,80,2.66
5,qaanaaq,GL,77.484,-69.3632,-14.94,78,33,3.0
6,castro,BR,-24.7911,-50.0119,76.32,67,36,6.62
7,talnakh,RU,69.4865,88.3972,-11.88,96,52,2.66
8,beloha,MG,-25.1667,45.05,72.07,81,36,4.41
9,lavrentiya,RU,65.5833,-171.0,4.57,95,100,18.25
10,umm kaddadah,SD,13.6017,26.6876,73.22,11,0,13.73
11,viedma,AR,-40.8135,-62.9967,79.36,12,41,8.63
12,constitucion,CL,-35.3333,-72.4167,69.3,42,0,4.88
13,sawtell,AU,-30.3833,153.1,64.4,94,31,3.44
14,kilis,TR,36.7161,37.115,42.8,65,0,6.91
15,tura,IN,25.5198,90.2201,74.17,19,0,2.42
16,hermanus,ZA,-34.4187,19.2345,66.99,75,100,1.99
17,kapaa,US,22.0752,-159.319,73.4,68,90,19.57
18,beringovskiy,RU,63.05,179.3167,9.21,94,100,16.8
19,yarim,YE,14.298,44.3779,55.63,48,41,5.75
20,hasaki,JP,35.7333,140.8333,62.6,94,75,20.71
21,marsa matruh,EG,31.3525,27.2453,59.0,58,20,10.36
22,alofi,NU,-19.0595,-169.9187,77.0,94,9,9.22
23,ancud,CL,-41.8697,-73.8203,66.2,63,20,16.11
24,tuatapere,NZ,-46.1333,167.6833,52.0,98,94,1.83
25,hobart,AU,-42.8794,147.3294,55.4,54,90,8.05
26,atuona,PF,-9.8,-139.0333,81.23,71,100,18.14
27,nikolskoye,RU,59.7035,30.7861,45.0,87,100,4.47
28,mar del plata,AR,-38.0023,-57.5575,68.0,83,40,14.97
29,kosterevo,RU,55.9299,39.6144,32.68,91,99,5.23
30,mahebourg,MU,-20.4081,57.7,78.8,83,40,3.44
31,dikson,RU,73.5069,80.5464,-25.24,100,45,6.55
32,rikitea,PF,-23.1203,-134.9692,78.42,75,10,16.06
33,mehndawal,IN,26.9753,83.1117,68.0,68,1,1.14
34,yershichi,RU,53.6725,32.7542,37.24,89,86,7.99
35,butaritari,KI,3.0707,172.7902,80.28,80,34,12.33
36,poum,NC,-20.2333,164.0167,79.57,78,15,9.8
37,iqaluit,CA,63.7506,-68.5145,12.2,79,90,23.02
38,guerrero negro,MX,27.9769,-114.0611,77.07,20,1,3.22
39,carauari,BR,-4.8828,-66.8958,79.38,84,98,2.33
40,georgetown,MY,5.4112,100.3354,80.01,89,40,3.44
41,ous,RU,60.9058,61.5186,28.44,81,99,11.32
42,avarua,CK,-21.2078,-159.775,80.6,78,75,13.8
43,albany,US,42.6001,-73.9662,50.0,88,100,1.01
44,labuhan,ID,-6.8844,112.2051,78.19,88,96,5.39
45,cordele,US,31.9635,-83.7824,82.99,54,75,13.8
46,kruisfontein,ZA,-34.0033,24.7314,64.0,73,100,7.0
47,nizwa,OM,22.9333,57.5333,84.54,10,87,4.16
48,kedgwick,CA,47.6446,-67.3434,32.22,94,100,11.25
49,jiuquan,CN,39.7432,98.5174,46.51,49,6,4.76
50,paamiut,GL,61.994,-49.6678,17.4,63,0,23.38
51,saskylakh,RU,71.9167,114.0833,-4.5,99,98,2.3
52,ushuaia,AR,-54.8,-68.3,46.4,61,40,28.77
53,punta arenas,CL,-53.15,-70.9167,51.8,43,0,23.02
54,ust-uda,RU,54.1742,103.0304,19.63,97,100,1.43
55,plainview,US,40.7765,-73.4673,55.99,94,90,13.8
56,alyangula,AU,-13.8483,136.4192,82.13,79,77,13.31
57,qunduz,AF,36.729,68.857,49.77,78,100,28.01
58,taoudenni,ML,22.6783,-3.9836,90.95,3,45,10.98
59,provideniya,RU,64.3833,-173.3,5.31,94,100,22.39
60,waipawa,NZ,-41.4122,175.5153,63.0,100,75,18.41
61,mataura,NZ,-46.1927,168.8643,52.0,98,100,2.64
62,yellowknife,CA,62.456,-114.3525,21.99,53,75,13.8
63,cidreira,BR,-30.1811,-50.2056,77.94,69,76,8.63
64,port alfred,ZA,-33.5906,26.891,66.49,69,99,18.61
65,hirara,JP,24.8,125.2833,74.16,86,18,0.74
66,victoria,HK,22.2855,114.1577,75.99,88,4,6.44
67,severo-kurilsk,RU,50.6789,156.125,25.12,78,45,14.05
68,ler,SS,8.3018,30.1418,89.46,15,4,4.7
69,hilo,US,19.7297,-155.09,66.2,94,90,8.08
70,westport,US,41.1415,-73.3579,53.01,93,90,14.97
71,pisco,PE,-13.7,-76.2167,72.0,73,0,9.22
72,carnarvon,AU,-24.8667,113.6333,73.4,88,0,3.44
73,kodiak,US,57.79,-152.4072,35.6,32,1,9.22
74,mount isa,AU,-20.7333,139.5,77.0,31,1,16.11
75,arraial do cabo,BR,-22.9661,-42.0278,87.8,70,0,8.05
76,hailar,CN,49.2,119.7,30.81,86,100,22.68
77,lompoc,US,34.6391,-120.4579,70.0,55,0,3.44
78,lufkin,US,31.3382,-94.7291,64.99,34,1,14.97
79,raudeberg,NO,61.9875,5.1352,44.01,85,100,24.27
80,xai-xai,MZ,-25.0519,33.6442,72.7,75,16,13.06
81,taitung,TW,22.7583,121.1444,75.67,74,8,6.15
82,port hardy,CA,50.6996,-127.4199,39.2,87,75,8.05
83,visby,SE,57.6409,18.296,41.0,81,90,21.85
84,arman,RU,59.7,150.1667,-2.65,97,55,5.95
85,rongcheng,CN,30.634,117.8517,60.17,80,0,3.13
86,ilulissat,GL,69.2167,-51.1,-4.0,38,1,1.14
87,jamestown,US,42.097,-79.2353,48.2,93,90,19.33
88,vao,NC,-22.6667,167.4833,77.2,81,22,13.38
89,lebu,CL,-37.6167,-73.65,63.28,68,5,15.61
90,vaini,TO,-21.2,-175.2,78.8,94,75,5.75
91,samarai,PG,-10.6167,150.6667,81.99,79,60,11.23
92,leningradskiy,RU,69.3833,178.4167,-20.04,94,28,2.37
93,poiana blenchii,RO,47.3,23.75,45.0,60,78,4.16
94,dalby,AU,-27.1833,151.2667,57.2,94,83,5.75
95,ouesso,CG,1.6136,16.0517,76.75,69,90,2.64
96,nata,PA,8.3333,-80.5167,87.8,55,0,8.05
97,kara,TG,9.5511,1.1861,95.0,8,27,8.05
98,kaitangata,NZ,-46.2817,169.8464,52.07,96,97,3.18
99,darab,IR,28.7519,54.5444,71.51,21,4,1.28
100,bambous virieux,MU,-20.3428,57.7575,78.8,83,40,3.44
101,norman wells,CA,65.282,-126.8329,-5.8,71,75,17.27
102,geraldton,AU,-28.7667,114.6,68.0,77,8,4.61
103,horki,BY,54.2861,30.9842,41.77,87,97,0.96
104,tazovskiy,RU,67.4667,78.7,-9.71,99,50,8.03
105,pavlodar,KZ,52.3,76.95,32.0,93,90,13.42
106,mamallapuram,IN,12.6264,80.1722,82.4,83,20,4.61
107,cape town,ZA,-33.9258,18.4232,71.01,68,0,9.22
108,mapiri,BO,-15.25,-68.1667,68.11,99,100,1.12
109,charters towers,AU,-20.1,146.2667,69.51,83,0,5.7
110,dzaoudzi,YT,-12.7887,45.2699,82.4,83,0,5.75
111,port elizabeth,ZA,-33.918,25.5701,64.4,72,0,13.8
112,broome,US,42.2506,-75.833,55.0,87,90,12.66
113,klaksvik,FO,62.2266,-6.589,41.0,87,75,23.02
114,trindade,BR,-16.6494,-49.4889,89.6,29,20,8.05
115,jacmel,HT,18.2342,-72.5347,89.6,40,20,19.57
116,bengkulu,ID,-3.8004,102.2655,77.47,90,97,4.61
117,jinchang,CN,38.4953,102.1739,45.12,38,63,4.38
118,trairi,BR,-3.2778,-39.2689,82.87,70,33,6.4
119,plotnikovo,RU,55.0247,85.9436,33.8,80,90,6.71
120,busselton,AU,-33.65,115.3333,55.99,93,0,7.67
121,elizabeth city,US,36.2946,-76.2511,81.0,57,1,19.57
122,new norfolk,AU,-42.7826,147.0587,54.0,63,67,1.99
123,kavaratti,IN,10.5669,72.642,84.02,73,100,5.03
124,east london,ZA,-33.0153,27.9116,62.6,77,20,4.61
125,jand,PK,33.4299,72.0193,74.79,45,45,7.54
126,tiksi,RU,71.6872,128.8694,2.32,99,100,1.39
127,afua,BR,-0.1567,-50.3867,80.29,85,55,4.63
128,hithadhoo,MV,-0.6,73.0833,81.95,79,100,22.1
129,danville,US,36.586,-79.395,71.01,83,90,10.36
130,katsuura,JP,35.1333,140.3,64.4,94,75,12.66
131,ramanuj ganj,IN,23.8,83.7,73.76,18,0,4.5
132,puerto ayora,EC,-0.7393,-90.3518,82.4,78,40,11.5
133,cabo san lucas,MX,22.8909,-109.9124,82.99,49,75,6.76
134,bethel,US,41.3712,-73.414,52.0,97,100,1.99
135,amapa,BR,1.0,-52.0,76.32,96,84,3.71
136,beidao,CN,34.5686,105.8933,57.04,62,98,3.0
137,cherskiy,RU,68.75,161.3,-10.14,92,100,0.43
138,pevek,RU,69.7008,170.3133,-21.41,99,37,1.23
139,neiafu,TO,-18.65,-173.9833,80.6,83,40,6.91
140,thompson,CA,55.7435,-97.8558,24.8,46,75,6.91
141,bandarbeyla,SO,9.4942,50.8122,79.45,72,67,7.27
142,airai,TL,-8.9266,125.4092,60.22,94,100,1.9
143,ponta do sol,PT,32.6667,-17.1,66.2,72,20,11.5
144,saint-augustin,CA,51.226,-58.6502,22.24,61,39,9.26
145,vestmanna,FO,62.1564,-7.1664,41.0,87,75,23.02
146,te anau,NZ,-45.4167,167.7167,55.17,93,83,3.53
147,khani,GE,41.9563,42.9566,41.0,81,0,3.44
148,kulhudhuffushi,MV,6.6221,73.07,84.88,70,88,11.14
149,belmonte,BR,-15.8631,-38.8828,84.2,65,20,18.41
150,esso,RU,55.9333,158.7,0.32,94,78,6.76
151,lagoa,PT,39.05,-27.9833,59.22,83,100,21.07
152,tiznit,MA,29.5833,-9.5,69.48,39,40,6.31
153,plastun,RU,44.7561,136.2939,35.2,97,100,15.17
154,vilhena,BR,-12.7406,-60.1458,82.4,65,40,12.66
155,pangnirtung,CA,66.1451,-65.7125,1.4,55,75,2.3
156,chifeng,CN,42.2683,118.9636,39.07,24,0,19.19
157,kavieng,PG,-2.5744,150.7967,82.35,76,86,13.27
158,salalah,OM,17.0151,54.0924,82.4,65,0,2.3
159,clyde river,CA,70.4692,-68.5914,-4.0,77,1,4.61
160,port hedland,AU,-20.3167,118.5667,82.4,57,77,4.61
161,chokurdakh,RU,70.6333,147.9167,-16.37,100,95,4.5
162,jinka,ET,5.65,36.65,71.92,36,100,2.35
163,coihaique,CL,-45.5752,-72.0662,66.2,55,75,4.61
164,lixourion,GR,38.2019,20.4314,60.8,72,20,3.44
165,sarab,IR,38.6066,44.9883,43.47,43,6,4.59
166,hearst,CA,49.6835,-83.6665,23.0,80,100,11.5
167,cayenne,GF,4.9333,-52.3333,86.0,70,75,21.85
168,qaqortoq,GL,60.7167,-46.0333,26.6,59,0,9.22
169,urumqi,CN,43.801,87.6005,50.0,76,75,2.24
170,richards bay,ZA,-28.783,32.0377,70.05,69,92,8.34
171,xining,CN,36.6167,101.7667,41.7,53,27,2.21
172,baruun-urt,MN,46.6806,113.2792,25.81,48,0,6.33
173,los llanos de aridane,ES,28.6585,-17.9182,69.8,60,40,9.22
174,llata,PE,-9.4167,-76.7833,62.38,65,87,6.4
175,colares,PT,38.7992,-9.4469,71.01,43,0,6.91
176,cabedelo,BR,-6.9811,-34.8339,87.8,70,75,5.75
177,longyearbyen,SJ,78.2186,15.6401,33.8,69,20,4.61
178,altamont,US,42.2068,-121.7372,57.0,33,1,6.6
179,flin flon,CA,54.7682,-101.865,28.4,54,90,10.36
180,buchanan,LR,5.8808,-10.0467,80.6,89,75,5.75
181,key west,US,24.5557,-81.7826,82.4,69,1,12.66
182,ribeira grande,PT,38.5167,-28.7,62.6,72,40,16.11
183,faya,SA,18.3851,42.4509,66.2,67,0,6.91
184,praia,CV,14.9215,-23.5087,73.4,60,40,25.32
185,grand gaube,MU,-20.0064,57.6608,78.01,79,19,2.37
186,bluff,NZ,-46.6,168.3333,52.0,98,100,4.34
187,sisimiut,GL,66.9395,-53.6735,3.34,60,22,5.93
188,palmer,US,42.1584,-72.3287,51.01,100,90,14.5
189,mangawan,IN,24.6833,81.55,84.11,17,0,2.75
190,lorengau,PG,-2.0226,147.2712,81.28,80,95,8.86
191,ginda,IN,30.6945,78.4932,57.16,39,16,7.65
192,challans,FR,46.8436,-1.8749,62.6,51,0,6.91
193,pindiga,NG,9.9833,10.9333,89.6,15,0,10.36
194,kaseda,JP,31.4167,130.3167,53.01,87,9,8.99
195,anadyr,RU,64.75,177.4833,17.6,73,75,20.13
196,byron bay,AU,-28.65,153.6167,64.4,94,40,8.63
197,bambanglipuro,ID,-7.95,110.2833,76.68,89,83,4.12
198,gurupa,BR,-1.405,-51.64,87.44,57,56,3.89
199,saint-philippe,RE,-21.3585,55.7679,78.8,78,0,5.75
200,gat,IL,31.61,34.7642,59.0,44,12,7.76
201,luderitz,NA,-26.6481,15.1594,63.59,84,4,6.46
202,el cobre,CU,20.0489,-75.9469,84.2,61,20,17.27
203,esperance,AU,-33.8667,121.9,59.0,88,0,5.75
204,kita,ML,13.0349,-9.4895,103.1,7,0,3.4
205,tutoia,BR,-2.7619,-42.2744,86.0,70,20,13.8
206,tasiilaq,GL,65.6145,-37.6368,21.2,53,20,6.91
207,saint-pierre,RE,-21.3393,55.4781,78.8,78,0,5.75
208,gandai,IN,21.6667,81.1,83.61,15,0,7.27
209,san quintin,MX,30.4833,-115.95,71.38,26,0,8.16
210,tomatlan,MX,19.9333,-105.25,88.79,28,75,10.0
211,svit,SK,49.0601,20.2069,41.0,45,0,9.22
212,anupgarh,IN,29.1911,73.2086,89.76,10,0,11.65
213,saldanha,ZA,-33.0117,17.9442,71.6,43,100,11.5
214,codrington,AU,-38.2667,141.9667,58.84,87,46,6.13
215,brigantine,US,39.4101,-74.3646,64.99,94,90,17.27
216,fereydunshahr,IR,32.941,50.121,40.55,36,0,4.25
217,aklavik,CA,68.2191,-135.0107,-9.4,59,20,4.61
218,lata,PT,40.1629,-8.3327,72.0,46,35,5.99
219,muzhi,RU,65.3667,64.6667,-1.57,99,84,4.52
220,puerto leguizamo,CO,-0.1934,-74.7819,81.97,77,81,5.41
221,balangir,IN,20.7167,83.4833,79.14,16,0,5.03
222,robertsganj,IN,24.7,83.0667,79.16,11,0,3.44
223,itamaraju,BR,-17.0392,-39.5311,93.16,36,0,11.54
224,torbay,CA,47.6666,-52.7314,28.99,80,75,10.36
225,stettler,CA,52.3168,-112.7186,50.0,46,100,12.66
226,bathsheba,BB,13.2167,-59.5167,82.4,65,20,17.27
227,donzdorf,DE,48.6854,9.8105,55.4,41,0,8.05
228,houma,US,29.5958,-90.7195,75.0,94,90,17.27
229,nchelenge,ZM,-9.3451,28.734,71.87,78,62,2.37
230,zhanakorgan,KZ,43.9098,67.2495,45.09,61,100,12.88
231,djenne,ML,13.9061,-4.5533,97.68,7,4,8.93
232,nioro,GM,13.35,-15.75,103.93,6,1,7.45
233,jejuri,IN,18.2833,74.1667,80.35,40,15,7.96
234,astoria,US,46.1879,-123.8313,46.4,81,90,14.97
235,chuy,UY,-33.6971,-53.4616,72.75,72,70,8.28
236,san jose,US,37.3394,-121.895,72.0,40,0,2.04
237,omboue,GA,-1.5746,9.2618,79.23,85,64,8.61
238,ulaangom,MN,49.9811,92.0667,18.64,78,100,5.03
239,mount pleasant,US,32.7941,-79.8626,81.0,69,1,16.11
240,ugoofaaru,MV,5.6667,73.0,84.54,68,100,12.08
241,nouna,BF,12.7333,-3.8667,98.08,8,3,6.67
242,shenjiamen,CN,29.9576,122.298,55.63,90,0,8.32
243,portland,US,45.5234,-122.6762,50.0,71,75,16.11
244,leh,IN,34.1667,77.5833,41.07,53,99,8.46
245,ilhabela,BR,-23.7781,-45.3581,84.51,68,45,5.41
246,ribas do rio pardo,BR,-20.4431,-53.7592,97.83,20,25,6.24
247,garmsar,IR,35.2182,52.3409,52.41,30,0,8.81
248,vadso,NO,70.0744,29.7487,37.4,80,20,10.36
249,rena,NO,61.1348,11.3641,37.99,92,82,4.36
250,saint anthony,US,45.0205,-93.218,42.01,41,90,10.36
251,panjab,AF,34.388,67.0233,33.62,79,33,4.7
252,bitam,GA,2.076,11.5007,71.42,82,96,4.05
253,itarema,BR,-2.9248,-39.9167,83.53,68,40,7.87
254,yurgamysh,RU,55.3714,64.4656,23.31,86,59,11.32
255,kyren,RU,51.6828,102.1408,25.36,75,52,1.92
256,tanout,NE,14.9709,8.8879,79.47,11,0,13.2
257,den helder,NL,52.9599,4.7593,48.0,93,90,25.32
258,suntar,RU,62.1444,117.6319,6.04,98,96,3.22
259,port keats,AU,-14.25,129.55,78.62,80,86,7.05
260,bubaque,GW,11.2833,-15.8333,76.95,67,8,13.42
261,kungurtug,RU,50.5994,97.5228,22.64,81,100,2.3
262,yumen,CN,40.2833,97.2,46.2,53,34,9.89
263,goundi,TD,9.3627,17.366,90.55,23,77,6.02
264,verkh-usugli,RU,52.7,115.1667,12.94,87,6,4.52
265,puerto del rosario,ES,28.5004,-13.8627,69.8,68,20,16.11
266,port shepstone,ZA,-30.7414,30.455,68.97,68,61,6.31
267,kysyl-syr,RU,63.8986,122.7617,6.01,99,97,3.15
268,tuktoyaktuk,CA,69.4541,-133.0374,-20.2,76,75,12.66
269,pacific grove,US,36.6177,-121.9166,63.0,55,1,3.44
270,kalmunai,LK,7.4167,81.8167,78.19,78,92,5.88
271,barrow,US,71.2906,-156.7887,-27.4,75,1,9.22
272,wanning,CN,18.8003,110.3967,73.87,96,64,8.28
273,naze,JP,28.3667,129.4833,64.83,88,62,5.55
274,cuauhtemoc,MX,28.4167,-106.8667,55.99,26,0,8.99
275,ostrovnoy,RU,68.0531,39.5131,35.22,98,100,15.37
276,lebork,PL,54.5392,17.7501,45.0,65,0,6.91
277,presidencia roque saenz pena,AR,-26.7852,-60.4388,76.48,45,28,5.26
278,yurty,RU,56.0498,97.6348,27.28,94,100,3.8
279,emerald,AU,-23.5333,148.1667,71.6,73,75,5.75
280,lalmohan,BD,22.3384,90.7419,80.46,70,48,12.71
281,teknaf,BD,20.8624,92.3058,75.69,83,94,3.8
282,hami,CN,42.8,93.45,58.26,27,40,7.96
283,lusambo,CD,-4.9667,23.45,75.49,79,74,3.33
284,fort saint james,CA,54.4333,-124.25,34.02,45,86,13.96
285,kununurra,AU,-15.7667,128.7333,75.2,100,99,3.53
286,dukat,RU,62.55,155.55,-10.68,94,100,4.12
287,golkoy,TR,40.6875,37.6178,44.6,87,0,2.3
288,sola,VU,-13.8833,167.55,82.22,76,19,17.25
289,darhan,MN,49.4867,105.9228,32.04,37,28,6.35
290,sorland,NO,67.667,12.6934,41.0,70,0,17.27
291,leshan,CN,29.5623,103.7639,66.11,50,3,2.89
292,fairbanks,US,64.8378,-147.7164,6.01,72,90,2.42
293,maryville,US,35.7565,-83.9705,60.01,72,90,17.27
294,kwinana,AU,-32.25,115.7667,66.0,67,0,4.61
295,katangli,RU,51.7102,143.2326,22.91,99,87,5.17
296,sava,IT,40.4034,17.5584,62.6,48,0,3.44
297,pandan,PH,14.0453,124.1694,78.8,85,89,6.96
298,ahipara,NZ,-35.1667,173.1667,65.5,94,92,6.17
299,hualmay,PE,-11.0964,-77.6139,75.27,71,69,9.78
300,vytegra,RU,61.0064,36.4481,32.5,92,66,9.8
301,russell,US,32.3502,-85.1999,80.6,61,75,13.8
302,laguna,US,38.421,-121.4238,70.0,39,1,5.75
303,nyurba,RU,63.2842,118.3319,7.41,98,87,3.8
304,mitsamiouli,KM,-11.3847,43.2844,83.68,69,34,5.26
305,sabla,NG,12.7525,4.7077,87.71,9,0,8.63
306,pryazha,RU,61.6926,33.6216,35.6,80,78,4.47
307,coquimbo,CL,-29.9533,-71.3436,60.8,77,90,10.36
308,ucluelet,CA,48.9329,-125.5528,42.01,93,75,12.66
309,vanavara,RU,60.34,102.2797,6.39,99,85,2.17
310,merzifon,TR,40.8733,35.4631,41.0,65,0,8.05
311,bredasdorp,ZA,-34.5322,20.0403,64.4,77,100,14.97
312,faanui,PF,-16.4833,-151.75,82.44,73,46,21.61
313,salinopolis,BR,-0.6136,-47.3561,80.83,81,87,10.29
314,souillac,MU,-20.5167,57.5167,78.8,83,40,3.44
315,chenzhou,CN,25.8,113.0333,72.14,82,3,4.23
316,san juan,AR,-31.5375,-68.5364,78.08,19,0,5.73
317,ambilobe,MG,-13.2,49.05,76.87,90,80,0.4
318,hervey bay,AU,-25.2986,152.8535,70.0,82,100,1.01
319,aras,ES,42.5617,-2.356,68.0,34,0,11.5
320,gizo,SB,-8.103,156.8419,82.42,74,58,6.69
321,manokwari,ID,-0.8667,134.0833,77.07,84,100,5.57
322,buraydah,SA,26.326,43.975,66.2,26,0,8.05
323,tuensang,IN,26.2833,94.8333,63.12,26,3,2.91
324,pingyin,CN,36.2831,116.4453,61.0,30,64,7.09
325,prince rupert,CA,54.3161,-130.3201,39.2,75,75,5.75
326,acapulco,MX,16.8634,-99.8901,86.0,39,1,5.75
327,egvekinot,RU,66.3167,-179.1667,5.86,93,100,11.97
328,maniitsoq,GL,65.4167,-52.9,6.12,48,14,1.83
329,novooleksiyivka,UA,46.2269,34.6428,46.83,61,61,7.83
330,chicama,PE,-7.8447,-79.1469,71.6,83,0,11.5
331,warrington,GB,53.3925,-2.5802,54.0,91,100,5.99
332,novikovo,RU,51.1537,37.8879,36.43,78,100,4.0
333,zyryanka,RU,65.75,150.85,-8.59,99,99,1.03
334,soyo,AO,-6.1349,12.3689,81.3,77,83,6.38
335,spokane,US,47.6166,-117.3677,50.0,57,1,11.5
336,ati,TD,13.2154,18.3353,84.61,14,4,11.16
337,carupano,VE,10.6678,-63.2585,81.21,72,64,13.51
338,tete,MZ,-16.1564,33.5867,78.8,83,40,5.75
339,pathein,MM,16.7833,94.7333,76.17,81,9,7.34
340,port-gentil,GA,-0.7193,8.7815,84.2,79,40,12.66
341,ketchikan,US,55.3422,-131.6461,35.6,93,75,9.22
342,garlasco,IT,45.1974,8.9238,64.4,48,0,3.44
343,green river,US,41.5286,-109.4662,51.01,36,1,18.41
344,sitka,US,57.0531,-135.33,35.6,75,20,11.5
345,sutysky,UA,49.0425,28.4173,37.4,93,75,17.9
346,jacareacanga,BR,-6.2222,-57.7528,92.57,45,58,4.0
347,wanaka,NZ,-44.7,169.15,54.57,90,71,4.43
348,juegang,CN,32.3174,121.1855,55.2,83,0,3.76
349,anloga,GH,5.7947,0.8973,84.2,70,20,8.05
350,benjamin hill,MX,30.1667,-111.1,80.01,11,0,8.99
351,zhuanghe,CN,39.7008,122.9911,44.01,74,3,1.01
352,luganville,VU,-15.5333,167.1667,79.68,85,41,8.3
353,iquique,CL,-20.2208,-70.1431,71.6,60,0,11.5
354,batemans bay,AU,-35.7167,150.1833,55.99,94,75,3.0
355,sigulda,LV,57.1519,24.8647,42.01,70,66,5.01
356,littleton,US,39.6133,-105.0166,60.01,15,75,8.05
357,nogliki,RU,51.8333,143.1667,25.48,97,93,5.28
358,ternate,ID,0.8,127.4,77.11,91,100,9.46
359,sayyan,YE,15.1718,44.3244,59.52,21,13,9.69
360,atar,MR,20.5169,-13.0499,95.13,10,42,13.47
361,vanimo,PG,-2.6741,141.3028,76.32,89,95,5.06
362,chokwe,MZ,-24.5333,32.9833,70.27,77,30,6.44
363,kamenka,RU,51.3223,42.7678,34.0,73,96,9.89
364,forio,IT,40.7342,13.8646,60.01,72,0,8.99
365,las cruces,US,32.3123,-106.7783,64.4,29,1,6.91
366,beian,NO,63.6559,9.5683,46.4,61,75,14.97
367,khasan,RU,42.4308,130.6434,41.0,91,82,5.75
368,monterey,US,36.2505,-121.2516,64.99,54,0,1.99
369,la ronge,CA,55.1001,-105.2842,32.0,86,100,8.05
370,inhambane,MZ,-23.865,35.3833,77.0,73,20,9.22
371,kletskaya,RU,49.3145,43.0584,33.01,82,72,5.01
372,changli,CN,39.7042,119.1506,49.91,18,26,14.2
373,high level,CA,58.5169,-117.136,26.6,93,90,14.97
374,dyurtyuli,RU,55.4911,54.8688,19.56,93,6,4.43
375,roquetas de mar,ES,36.7642,-2.6148,66.99,55,0,18.41
376,maseru,LS,-29.3167,27.4833,59.11,45,50,2.48
377,nadaun,IN,31.7833,76.35,76.64,31,84,7.96
378,ino,JP,33.55,133.4333,51.76,83,2,5.75
379,indianola,US,41.3581,-93.5574,46.99,39,20,17.27
380,balassagyarmat,HU,48.073,19.2961,51.01,51,89,4.92
381,mantua,IT,45.1667,10.7833,62.6,48,0,3.44
382,hondo,JP,32.45,130.2,53.01,93,2,3.0
383,mitu,CO,1.1983,-70.1733,71.19,98,99,4.65
384,baiyin,CN,36.5583,104.2081,53.01,17,92,2.24
385,lat yao,TH,15.751,99.7893,84.0,71,80,4.85
386,vila velha,BR,-20.3297,-40.2925,89.6,55,20,11.5
387,neftegorsk,RU,52.802,51.166,32.85,96,100,15.23
388,arys,KZ,42.4252,68.795,48.2,76,40,6.71
389,gunjur,GM,13.2019,-16.7339,78.8,57,0,13.8
390,meulaboh,ID,4.1363,96.1285,77.47,86,95,3.15
391,nosy varika,MG,-20.5833,48.5333,78.1,84,13,1.52
392,tommot,RU,58.9564,126.2925,12.54,96,100,1.3
393,buka,UZ,40.8108,69.1986,50.0,76,90,11.5
394,talcahuano,CL,-36.7167,-73.1167,68.0,52,0,8.05
395,eureka,US,40.8021,-124.1637,48.0,100,90,4.61
396,sogne,NO,58.0833,7.8167,45.0,100,40,10.36
397,sumenep,ID,-7.0167,113.8667,79.48,82,98,0.76
398,half moon bay,US,37.4636,-122.4286,66.0,67,1,4.54
399,amot,NO,59.5714,7.9877,37.99,93,100,3.29
400,hofn,IS,64.2539,-15.2082,35.6,69,40,8.05
401,dengzhou,CN,37.8086,120.7508,45.52,62,67,11.1
402,panguna,PG,-6.3164,155.4848,67.3,95,33,2.66
403,melilla,ES,35.2937,-2.9383,60.8,88,75,11.5
404,brae,GB,60.3964,-1.353,46.4,71,0,20.71
405,abha,SA,18.2164,42.5053,66.2,67,0,6.91
406,tsumeb,NA,-19.2333,17.7167,75.2,57,52,3.44
407,uruzgan,AF,32.8333,66.0,63.18,11,0,18.7
408,erenhot,CN,43.6475,111.9767,34.29,26,14,9.04
409,gambela,ET,8.25,34.5833,84.31,42,96,5.66
410,valdosta,US,30.8327,-83.2785,82.4,51,20,10.36
411,canmore,CA,51.0834,-115.3521,50.0,60,51,6.91
412,kuminskiy,RU,58.6667,66.5667,26.98,86,88,9.82
413,kenai,US,60.5544,-151.2583,14.0,62,1,4.99
414,olinda,BR,-8.0089,-34.8553,82.4,65,40,8.05
415,kerema,PG,-7.9631,145.7785,78.51,87,96,5.39
416,worland,US,44.0169,-107.9554,60.8,20,1,8.05
417,kholtoson,RU,50.2981,103.3097,19.76,73,62,2.91
418,longkou,CN,37.6508,120.3286,45.1,66,68,9.53
419,kabanjahe,ID,3.1001,98.4908,75.2,100,75,3.44
420,kidal,ML,18.4411,1.4078,82.85,7,0,11.72
421,valdivia,CL,-39.8142,-73.2459,69.8,52,0,9.22
422,boa vista,BR,2.8197,-60.6733,89.6,48,75,9.22
423,vestmannaeyjar,IS,63.4427,-20.2734,33.8,69,40,8.05
424,nouadhibou,MR,20.931,-17.0347,71.6,64,68,19.57
425,aleksandrovsk,RU,59.158,57.5624,25.0,35,77,1.01
426,the valley,AI,18.217,-63.0578,82.4,69,75,18.41
427,cockburn town,TC,21.4612,-71.1419,80.6,69,40,14.97
428,twin falls,US,42.3505,-114.6445,64.4,22,1,13.8
429,lermontovka,RU,47.1453,134.3383,38.48,87,100,10.25
430,port blair,IN,11.6667,92.75,81.79,75,89,2.77
431,bose,IT,45.4612,8.0137,60.8,55,20,3.44
432,muriti,TZ,-1.9833,32.9167,78.8,65,20,11.5
433,pafos,CY,34.7667,32.4167,53.6,54,75,5.75
434,jiwani,PK,25.05,61.7417,79.99,73,48,11.74
435,laje,BR,-10.1833,-40.9667,94.89,17,61,9.42
436,baependi,BR,-21.9589,-44.89,79.92,62,9,4.65
437,xiongzhou,CN,25.1167,114.3,74.95,74,61,3.15
438,cowra,AU,-33.8333,148.6833,46.99,86,13,3.33
439,juan aldama,MX,24.2908,-103.3944,63.43,17,99,13.15
440,ayan,RU,56.45,138.1667,13.14,91,98,3.56
441,college,US,64.8569,-147.8028,6.01,72,90,2.44
442,severo-yeniseyskiy,RU,60.3725,93.0408,13.08,98,100,2.28
443,panzhihua,CN,26.5851,101.7128,60.01,40,88,2.17
444,araguaina,BR,-7.1911,-48.2072,87.57,54,94,5.68
445,sistranda,NO,63.7256,8.834,46.4,61,75,14.97
446,homer,US,59.6425,-151.5483,28.4,74,1,4.61
447,lasa,IT,46.6166,10.7002,60.8,33,0,3.44
448,san patricio,US,28.017,-97.5169,69.8,52,90,27.63
449,pedana,IN,16.2667,81.1667,81.07,76,40,9.71
450,kahului,US,20.8947,-156.47,71.6,83,20,12.66
451,batagay-alyta,RU,67.8006,130.4114,-5.24,87,99,4.99
452,touros,BR,-5.1989,-35.4608,86.0,66,40,14.97
453,robertsport,LR,6.7533,-11.3686,81.55,78,12,8.46
454,havelock,US,34.8791,-76.9013,73.99,86,100,13.0
455,ostersund,SE,63.1792,14.6357,35.6,93,90,13.8
456,kendari,ID,-3.945,122.4989,74.79,94,99,4.32
457,olafsvik,IS,64.8945,-23.7142,29.17,87,100,26.19
458,patnos,TR,39.2336,42.8634,25.5,69,0,3.44
459,shahpura,IN,27.3833,75.9667,80.6,28,0,2.3
460,vardo,NO,70.3705,31.1107,33.8,86,20,11.5
461,fenoarivo,MG,-18.933,47.4354,68.0,83,20,2.3
462,chapais,CA,49.7834,-74.8492,30.2,93,90,17.27
463,sao filipe,CV,14.8961,-24.4956,70.61,71,12,18.77
464,carrollton,US,32.9537,-96.8903,70.0,30,1,9.22
465,mazyr,BY,52.0495,29.2456,38.91,96,100,11.72
466,alekseyevsk,RU,57.8406,108.3492,25.9,97,100,2.91
467,hamilton,US,39.1834,-84.5333,48.0,70,97,15.46
468,isangel,VU,-19.55,169.2667,76.64,87,5,5.86
469,nadym,RU,65.5333,72.5167,-8.36,99,34,10.04
470,port lincoln,AU,-34.7333,135.8667,60.62,82,3,8.46
471,burnie,AU,-41.0667,145.9167,51.98,65,20,12.24
472,fortuna,US,40.5982,-124.1573,44.6,100,90,8.05
473,ariquemes,BR,-9.9133,-63.0408,83.61,76,91,2.98
474,trelew,AR,-43.249,-65.3051,75.38,29,89,11.77
475,urengoy,RU,65.9667,78.3667,-4.43,99,76,8.66
476,huilong,CN,31.8111,121.655,63.0,78,0,4.0
477,yar-sale,RU,66.8333,70.8333,-10.61,98,10,9.75
478,sao joao da barra,BR,-21.6403,-41.0511,87.8,58,20,11.5
479,aloleng,PH,16.1307,119.7824,79.39,78,100,8.75
480,yerbogachen,RU,61.2767,108.0108,5.88,99,89,2.48
481,masvingo,ZW,-20.0637,30.8277,62.44,86,8,7.25
482,tandil,AR,-37.3217,-59.1332,65.88,79,98,13.94
483,gilbues,BR,-9.8317,-45.3439,87.55,46,94,2.44
484,rocha,UY,-34.4833,-54.3333,69.73,79,79,5.12
485,groa,NO,62.65,8.7167,44.6,76,75,19.57
486,nome,US,64.5011,-165.4064,10.4,85,90,32.21
487,semnan,IR,35.5729,53.3971,46.9,27,0,7.09
488,harper,LR,4.375,-7.7169,81.75,76,25,7.4
489,hambantota,LK,6.1241,81.1185,75.61,80,99,4.63
490,west plains,US,36.7281,-91.8524,54.0,32,1,14.97
491,yatou,CN,37.15,122.3833,46.53,45,51,8.79
492,kawalu,ID,-7.3817,108.2082,73.2,97,98,0.83
493,poronaysk,RU,49.2167,143.1167,30.11,98,100,5.59
494,dickinson,US,29.4608,-95.0513,66.0,52,90,16.11
495,gigmoto,PH,13.7796,124.39,78.82,85,87,6.42
496,pochutla,MX,15.7432,-96.4661,91.99,40,1,17.27
497,energetik,RU,51.7445,58.7934,6.8,97,69,2.98
498,nanortalik,GL,60.1432,-45.2371,25.77,73,27,10.4
499,mutis,CO,6.2262,-77.4044,80.04,82,74,3.2
500,dnipryany,UA,46.7463,33.2729,44.6,76,0,8.95
501,yilan,TW,24.757,121.753,75.0,99,11,1.61
502,tautira,PF,-17.7333,-149.15,82.4,65,20,4.61
503,grindavik,IS,63.8424,-22.4338,32.0,93,75,11.5
504,karacakoy,TR,41.4029,28.3834,53.01,81,0,8.25
505,mount gambier,AU,-37.8333,140.7667,55.4,100,75,6.91
506,abu samrah,SY,35.3029,37.1841,50.32,58,5,8.19
507,tigil,RU,57.8,158.6667,8.76,95,100,9.28
508,filadelfia,US,39.9523,-75.1638,64.99,94,90,14.97
509,escanaba,US,45.7453,-87.0646,33.01,80,90,18.41
510,vila franca do campo,PT,37.7167,-25.4333,60.8,77,40,9.22
511,nyagan,RU,62.1406,65.3936,19.2,94,98,9.82
512,road town,VG,18.4167,-64.6167,82.4,69,40,16.11
513,xichang,CN,27.8964,102.2634,55.63,33,5,1.99
514,palaikastron,GR,35.2,26.25,55.0,59,0,8.7
515,kilemary,RU,56.7783,46.8659,19.36,97,12,3.47
516,envira,BR,-7.3,-70.2167,79.11,92,99,4.23
517,goryachiy klyuch,RU,44.6308,39.13,44.6,81,75,17.9
518,jumla,NP,29.2747,82.1838,46.36,54,70,4.88
519,teahupoo,PF,-17.8333,-149.2667,82.4,65,20,4.61
520,coruripe,BR,-10.1256,-36.1756,82.06,70,52,9.95
521,lazaro cardenas,MX,17.9583,-102.2,82.87,48,18,7.99
522,husavik,IS,66.0449,-17.3389,33.8,60,75,5.75
523,moerai,PF,-22.4333,-151.3333,80.89,72,1,20.4
524,gorom-gorom,BF,14.4439,-0.2361,89.4,5,0,10.65
525,breytovo,RU,58.2993,37.8617,31.84,94,97,8.16
526,solnechnyy,RU,50.7214,136.6319,28.51,96,100,4.34
527,zemlyansk,RU,51.9041,38.7334,33.8,69,0,2.24
528,kosmach,UA,48.7509,24.3673,39.2,70,75,6.71
529,novolabinskaya,RU,45.1096,39.894,44.6,81,75,17.9
530,miranda,CO,3.2499,-76.2281,87.8,55,40,5.75
531,northam,GB,51.0333,-4.2167,53.01,88,91,11.01
532,kaspiyskiy,RU,45.3929,47.3707,41.32,73,57,9.48
533,piuma,BR,-20.8378,-40.7219,83.12,71,0,8.3
534,berea,US,41.3662,-81.8543,51.8,71,75,18.41
535,umm lajj,SA,25.0213,37.2685,73.24,55,6,18.59
536,pacasmayo,PE,-7.4006,-79.5714,75.9,68,82,10.92
537,daru,PG,-9.0763,143.2092,80.73,87,96,13.65
538,palu,ID,-0.8917,119.8707,75.27,94,99,2.55
539,sechura,PE,-5.5569,-80.8222,82.69,52,64,10.45
540,medina,SA,24.4686,39.6142,84.2,11,0,14.97
541,los chiles,CR,11.0333,-84.7167,88.07,42,78,10.09
542,freeport,US,40.6576,-73.5832,55.0,94,90,13.8
543,biak,ID,-0.9131,122.8766,76.57,84,100,3.65
544,yabassi,CM,4.457,9.9682,82.45,72,35,5.46
545,preobrazheniye,RU,42.9019,133.9064,39.09,95,100,4.32
546,moron,AR,-34.6534,-58.6198,77.0,60,75,3.44
547,gisborne,NZ,-38.6533,178.0042,62.01,81,91,1.99
548,shenkursk,RU,62.1091,42.896,33.91,79,78,8.9
549,whyalla,AU,-33.0333,137.5833,60.8,82,0,5.75
550,fare,PF,-16.7,-151.0167,81.99,74,15,21.61
551,sandwick,GB,60.0,-1.25,46.4,71,0,20.71
552,katobu,ID,-4.9408,122.5276,74.71,93,92,2.51
553,kupang,ID,-10.1667,123.5833,77.99,86,100,9.22
554,gap,FR,44.6667,6.0,46.99,59,25,1.99
555,chik,RU,54.9928,82.4311,30.2,86,90,6.04
556,kiama,AU,-34.6833,150.8667,59.0,90,46,5.55
557,ambon,ID,-3.6954,128.1814,75.2,94,40,4.61
558,shihezi,CN,44.3,86.0333,47.8,77,100,6.22
559,felipe carrillo puerto,MX,19.5833,-88.05,91.35,41,11,9.93
560,saint-denis,FR,48.9167,2.3333,60.01,44,0,9.22
561,ferrol,ES,43.4832,-8.2369,71.6,37,0,4.61
562,angoram,PG,-4.0625,144.0661,72.86,99,99,1.5
563,dubbo,AU,-32.25,148.6167,50.0,93,33,10.36
564,muros,ES,42.7762,-9.0603,68.0,43,0,6.55
565,san francisco,US,37.7749,-122.4194,64.99,72,20,4.61
566,narsaq,GL,60.9167,-46.05,26.6,59,0,9.22
567,deputatskiy,RU,69.3,139.9,-4.4,98,98,4.65
568,venado tuerto,AR,-33.7456,-61.9688,71.01,86,95,11.01
569,nizhniy tsasuchey,RU,50.5167,115.1333,24.85,67,1,11.83
570,dillon,US,34.4166,-79.3712,86.0,47,1,14.97
571,padang,ID,-0.9492,100.3543,75.2,100,20,2.3
572,maneadero,MX,31.7167,-116.5667,70.0,57,0,1.01
573,caluquembe,AO,-13.7833,14.6833,61.32,97,100,5.44
574,kattivakkam,IN,13.2167,80.3167,82.4,83,20,4.61
575,la libertad,EC,-2.2333,-80.9,82.4,69,0,8.05
576,mercedes,AR,-34.6515,-59.4307,72.0,82,99,4.0
577,atambua,ID,-9.1061,124.8925,73.09,89,99,4.38
578,taikang,CN,46.8333,124.4167,37.85,65,40,5.95
579,utete,TZ,-7.986,38.758,76.44,88,90,4.47
580,flinders,AU,-34.5833,150.8552,59.0,87,49,1.01
581,wagar,SD,16.1525,36.2032,80.38,50,0,20.67
582,ribeirao branco,BR,-24.2208,-48.7656,82.27,46,46,7.25
583,benghazi,LY,32.1167,20.0667,60.08,56,82,13.65
584,sao felix do xingu,BR,-6.6447,-51.995,86.31,63,92,3.09
585,sinop,TR,41.7711,34.8709,38.98,83,21,1.7
586,bolobo,CD,-2.1667,16.2333,75.25,86,69,4.21
587,livingston,GB,55.9029,-3.5226,53.6,87,40,27.63
588,sao geraldo do araguaia,BR,-6.4006,-48.555,85.95,69,80,2.73
589,hirado,JP,33.3597,129.5531,53.01,75,4,11.92
590,camacha,PT,33.0833,-16.3333,66.2,72,20,12.66
591,kokstad,ZA,-30.5472,29.4241,52.0,95,50,3.4
592,sembakung,ID,3.8167,117.25,73.78,99,100,2.28
593,nampula,MZ,-15.1165,39.2666,71.6,94,75,12.66
594,ust-tsilma,RU,65.441,52.1498,33.28,95,100,6.73
595,honiara,SB,-9.4333,159.95,76.42,87,49,5.66
596,barotac nuevo,PH,10.8942,122.7044,77.76,85,90,7.96
597,aksu,CN,41.1231,80.2644,58.51,35,100,6.35
598,voyvozh,RU,62.892,54.9635,28.09,91,82,8.32
599,shingu,JP,33.7333,135.9833,56.57,91,54,6.87
600,moyale,KE,3.5167,39.0584,73.71,53,100,2.89
601,kirishi,RU,59.4471,32.0205,45.0,17,100,9.35
602,chulman,RU,56.8479,124.9104,20.48,96,100,2.98
603,dingle,PH,10.9995,122.6711,76.44,87,86,6.17
604,gafargaon,BD,24.4333,90.5667,86.0,51,1,6.91
605,ayna,PE,-12.65,-73.9167,69.8,35,75,3.44
606,la tuque,CA,47.4334,-72.7824,37.4,93,100,5.75
607,manggar,ID,-2.8833,108.2667,80.73,77,71,0.43
608,dunedin,NZ,-45.8742,170.5036,54.0,95,79,1.99
609,xuddur,SO,4.1213,43.8894,88.45,24,100,9.24
610,sobolevo,RU,54.4299,31.8996,34.59,94,90,9.86
611,iwanai,JP,42.9744,140.5089,44.44,97,100,6.87
612,nauta,PE,-4.5061,-73.5757,79.86,91,99,3.15
613,susanville,US,40.4163,-120.653,57.2,30,1,3.44
614,chimore,BO,-16.9833,-65.1333,72.46,89,100,1.19
615,aykhal,RU,66.0,111.5,12.63,98,100,5.12
616,murray,US,40.6669,-111.888,57.0,50,1,20.71
617,komsomolskiy,UZ,40.4272,71.7189,51.8,93,90,6.91
618,sinnamary,GF,5.3833,-52.95,81.39,75,97,15.23
619,hachinohe,JP,40.5,141.5,53.6,100,75,4.61
620,san-pedro,CI,4.7485,-6.6363,80.42,80,26,6.87
621,virginia beach,US,36.8529,-75.978,81.0,53,99,11.99
622,ebeltoft,DK,56.1944,10.6821,46.4,93,90,6.91
623,newport,GB,51.5877,-2.9984,54.0,84,100,3.0
624,nevsehir,TR,38.9167,34.6667,39.2,65,0,2.3
625,svetlyy,RU,54.675,20.1347,42.8,61,0,6.71
626,smithers,CA,54.7804,-127.1743,33.8,47,75,16.11
627,boralday,KZ,43.3578,76.8594,46.4,81,90,2.24
628,macenta,GN,8.5435,-9.471,84.24,49,60,5.64
629,kyabe,TD,9.4515,18.9449,91.76,12,71,4.47
630,kargasok,RU,59.0556,80.8572,24.44,95,100,9.19
631,muroto,JP,33.2833,134.15,63.41,85,44,1.86
632,ha giang,VN,22.8333,104.9833,72.99,98,53,1.66
633,portel,BR,-1.9356,-50.8211,86.68,61,73,3.09
634,mahon,ES,39.8885,4.2658,59.0,63,0,9.22
635,zaozerne,UA,45.1582,33.2787,46.99,63,22,9.78
636,brasilia de minas,BR,-16.2064,-44.4333,91.08,24,43,3.51
637,kiboga,UG,0.9161,31.7742,66.85,71,77,3.49
638,aksarka,RU,66.5606,67.7975,-12.15,99,18,6.33
639,yarada,IN,17.65,83.2667,81.21,81,36,7.36
640,balabac,PH,7.9868,117.0645,80.91,78,91,4.18
641,aurangabad,IN,19.8833,75.3333,85.68,12,16,3.11
642,middle island,US,40.8843,-72.9373,57.0,94,90,16.11
643,sibolga,ID,1.7427,98.7792,77.45,88,78,2.46
644,riyadh,SA,24.6877,46.7219,68.0,15,2,10.36
645,superior,US,46.7208,-92.1041,37.99,48,40,12.66
646,valkeakoski,FI,61.2642,24.0312,39.2,75,90,12.66
647,gravdal,NO,68.1214,13.5031,39.2,60,0,12.66
648,ekibastuz,KZ,51.6667,75.3667,27.1,93,91,13.89
649,maceio,BR,-9.6658,-35.7353,78.8,83,75,11.5
650,diapaga,BF,12.0708,1.7889,92.84,9,0,7.87
651,makakilo city,US,21.3469,-158.0858,75.2,60,20,5.75
652,juneau,US,58.3019,-134.4197,35.01,74,75,5.75
653,poya,NC,-21.35,165.15,75.43,87,18,4.0
654,upata,VE,8.0086,-62.3989,88.83,39,94,9.35
655,kalabo,ZM,-14.97,22.6814,73.2,65,83,3.06
656,ko samui,TH,9.5357,99.9357,83.39,75,53,11.54
657,pori,FI,61.4833,21.7833,37.4,93,90,18.41
658,suez,EG,29.9737,32.5263,57.7,52,0,15.21
659,lafayette,US,30.2335,-92.0668,66.99,63,75,16.11
660,asau,RO,46.4333,26.4,39.99,54,86,2.04
661,urcos,PE,-13.6861,-71.6228,66.2,34,20,3.44
662,north augusta,US,33.5018,-81.9651,82.99,47,1,12.66
663,menongue,AO,-14.6585,17.691,65.23,86,85,1.39
664,hovd,MN,48.0056,91.6419,36.75,48,74,4.03
665,bairiki,KI,1.3292,172.9752,78.8,89,20,9.22
666,bitung,ID,1.4451,125.1824,77.0,94,40,1.14
667,slave lake,CA,55.2834,-114.769,44.6,57,90,18.41
668,sinjar,IQ,36.3209,41.8754,51.85,40,0,5.5
669,finschhafen,PG,-6.6024,147.8681,79.88,78,38,8.01
670,fomboni,KM,-12.28,43.7425,84.54,67,30,6.55
671,marienburg,PL,54.0359,19.0266,45.0,58,98,7.81
672,kousseri,CM,12.0769,15.0306,89.6,9,0,18.41
673,amahai,ID,-3.3333,128.9167,76.3,89,100,2.51
